{
  "train_losses": [
    -0.15576350018382074,
    -0.30228503346443175
  ],
  "val_losses": [
    -0.05899593755602837,
    -0.04045368507504463
  ],
  "train_metrics": [
    {
      "loss": -0.15576350018382074
    },
    {
      "loss": -0.30228503346443175
    }
  ],
  "val_metrics": [
    {
      "loss": -0.05899593755602837,
      "MRE": 269.03965845509737,
      "SDR_2.0mm": 0.0,
      "SDR_2.5mm": 0.0,
      "SDR_3.0mm": 0.0,
      "SDR_4.0mm": 0.0
    },
    {
      "loss": -0.04045368507504463,
      "MRE": 300.2701972785402,
      "SDR_2.0mm": 0.0,
      "SDR_2.5mm": 0.0,
      "SDR_3.0mm": 0.0,
      "SDR_4.0mm": 0.0
    }
  ],
  "best_val_loss": -0.05899593755602837,
  "best_val_metric": 0.0
}